{
    "type":"noise-bands", 
    "comment":"created with noiseBandMaskerDesigner.m 04-Jan-2021", 
    "n_bands":3, 
    "bands":[
        {
            "amplitude":0.1, 
            "fc_low":200, 
            "fc_high":5000
        }, 
        {
            "amplitude":0.005623, 
            "fc_low":5000, 
            "fc_high":7000
        }, 
        {
            "amplitude":0.1, 
            "fc_low":7000, 
            "fc_high":12000
        }
    ], 
    "name":"4-notch6000_bw2000_45dB"
}