{
    "type":"noise-bands", 
    "comment":"created with noiseBandMaskerDesigner.m 18-Nov-2021", 
    "n_bands":3, 
    "bands":[
        {
            "amplitude":0.04467, 
            "fc_low":3700, 
            "fc_high":4400
        }, 
        {
            "amplitude":0.0631, 
            "fc_low":4400, 
            "fc_high":6200
        }, 
        {
            "amplitude":0.1, 
            "fc_low":6200, 
            "fc_high":12000
        }
    ], 
    "name":"20-notch5300-bw1800-attn24"
}
