{
    "type":"noise-bands", 
    "comment":"created with noiseBandMaskerDesigner.m 18-Apr-2022", 
    "n_bands":3, 
    "bands":[
        {
            "amplitude":0.0631, 
            "fc_low":3300, 
            "fc_high":4000
        }, 
        {
            "amplitude":0.1, 
            "fc_low":4000, 
            "fc_high":5100
        }, 
        {
            "amplitude":0.1, 
            "fc_low":6000, 
            "fc_high":12000
        }
    ], 
    "name":"25-hp6000-highsupp-bw900"
}