{
    "type":"noise-bands", 
    "comment":"created with noiseBandMaskerDesigner.m 16-Nov-2021. Frequency bands lowered using script.", 
    "n_bands":4, 
    "bands":[
        {
            "amplitude":0.01778, 
            "fc_low":3150, 
            "fc_high":3780
        }, 
        {
            "amplitude":0.03162, 
            "fc_low":3780, 
            "fc_high":4320
        }, 
        {
            "amplitude":0.0446, 
            "fc_low":4320, 
            "fc_high":5580
        }, 
        {
            "amplitude":0.1, 
            "fc_low":5580, 
            "fc_high":12000
        }
    ], 
    "name":"16-hp6200-gradualamp_27dB"
}