{
    "type":"noise-bands", 
    "comment":"created with noiseBandMaskerDesigner.m 18-Nov-2021. Frequency bands lowered using script.", 
    "n_bands":3, 
    "bands":[
        {
            "amplitude":0.04467, 
            "fc_low":3330, 
            "fc_high":3960
        }, 
        {
            "amplitude":0.1, 
            "fc_low":3960, 
            "fc_high":4140
        }, 
        {
            "amplitude":0.1, 
            "fc_low":5400, 
            "fc_high":12000
        }
    ], 
    "name":"19-notch5300-bw1400"
}