{
    "type":"noise-bands", 
    "comment":"created with noiseBandMaskerDesigner.m 18-Apr-2022. Frequency bands lowered using script.", 
    "n_bands":3, 
    "bands":[
        {
            "amplitude":0.0631, 
            "fc_low":2970, 
            "fc_high":3600
        }, 
        {
            "amplitude":0.1, 
            "fc_low":3600, 
            "fc_high":4410
        }, 
        {
            "amplitude":0.1, 
            "fc_low":5400, 
            "fc_high":12000
        }
    ], 
    "name":"26-hp6000-highsupp-bw1100"
}