{
    "type":"noise-bands", 
    "comment":"created with noiseBandMaskerDesigner.m 18-Apr-2022. Frequency bands lowered using script.", 
    "n_bands":3, 
    "bands":[
        {
            "amplitude":0.03162, 
            "fc_low":3800, 
            "fc_high":4750
        }, 
        {
            "amplitude":0.05623, 
            "fc_low":4750, 
            "fc_high":5700
        }, 
        {
            "amplitude":0.1, 
            "fc_low":5700, 
            "fc_high":12000
        }
    ], 
    "name":"30-stairs-30-25"
}