{
    "type":"noise-bands", 
    "comment":"created with noiseBandMaskerDesigner.m 25-Apr-2022. Frequency bands lowered using script.", 
    "n_bands":3, 
    "bands":[
        {
            "amplitude":0.0631, 
            "fc_low":2970, 
            "fc_high":3600
        }, 
        {
            "amplitude":0.1, 
            "fc_low":3600, 
            "fc_high":3960
        }, 
        {
            "amplitude":0.1, 
            "fc_low":5580, 
            "fc_high":12000
        }
    ], 
    "name":"33-hp6000-highsupp-bw1800"
}