{
    "type":"noise-bands", 
    "comment":"created with noiseBandMaskerDesigner.m 21-Jan-2021", 
    "n_bands":3, 
    "bands":[
        {
            "amplitude":0.1, 
            "fc_low":200, 
            "fc_high":5450
        }, 
        {
            "amplitude":1E-5, 
            "fc_low":5450, 
            "fc_high":6350
        }, 
        {
            "amplitude":0.1, 
            "fc_low":6350, 
            "fc_high":12000
        }
    ], 
    "name":"1-notch5900_bw900", 
    "extra_atten_dB":0
}