{
    "type":"noise-bands", 
    "comment":"created with noiseBandMaskerDesigner.m 22-Apr-2021", 
    "n_bands":3, 
    "bands":[
        {
            "amplitude":0.1, 
            "fc_low":200, 
            "fc_high":1700
        }, 
        {
            "amplitude":0, 
            "fc_low":1700, 
            "fc_high":2300
        }, 
        {
            "amplitude":0.1, 
            "fc_low":2300, 
            "fc_high":12000
        }
    ], 
    "name":"1-notch2000_bw600", 
    "extra_atten_dB":0
}