{
    "type":"noise-bands", 
    "comment":"created with noiseBandMaskerDesigner.m 21-Jan-2021", 
    "n_bands":3, 
    "bands":[
        {
            "amplitude":0.1, 
            "fc_low":200, 
            "fc_high":7050
        }, 
        {
            "amplitude":1E-5, 
            "fc_low":7050, 
            "fc_high":8150
        }, 
        {
            "amplitude":0.1, 
            "fc_low":8150, 
            "fc_high":12000
        }
    ], 
    "name":"1-notch7600_bw1100", 
    "extra_atten_dB":0
}