{
    "type":"noise-bands", 
    "comment":"created with noiseBandMaskerDesigner.m 22-Apr-2021", 
    "n_bands":3, 
    "bands":[
        {
            "amplitude":0.1, 
            "fc_low":200, 
            "fc_high":6150
        }, 
        {
            "amplitude":1E-5, 
            "fc_low":6150, 
            "fc_high":7050
        }, 
        {
            "amplitude":0.1, 
            "fc_low":7050, 
            "fc_high":12000
        }
    ], 
    "name":"1-notch6600_bw900", 
    "extra_atten_dB":0
}