{
    "type":"noise-bands", 
    "comment":"created with noiseBandMaskerDesigner.m 21-Jan-2021", 
    "n_bands":3, 
    "bands":[
        {
            "amplitude":0.1, 
            "fc_low":200, 
            "fc_high":4350
        }, 
        {
            "amplitude":1E-5, 
            "fc_low":4350, 
            "fc_high":5250
        }, 
        {
            "amplitude":0.1, 
            "fc_low":5250, 
            "fc_high":12000
        }
    ], 
    "name":"1-notch4800_bw900", 
    "extra_atten_dB":0
}