{
    "type":"noise-bands", 
    "comment":"created with noiseBandMaskerDesigner.m 22-Apr-2021", 
    "n_bands":3, 
    "bands":[
        {
            "amplitude":0.1, 
            "fc_low":200, 
            "fc_high":2400
        }, 
        {
            "amplitude":1E-5, 
            "fc_low":2400, 
            "fc_high":3200
        }, 
        {
            "amplitude":0.1, 
            "fc_low":3200, 
            "fc_high":12000
        }
    ], 
    "name":"1-notch2800_bw800", 
    "extra_atten_dB":0
}