{
    "type":"noise-bands", 
    "comment":"created with noiseBandMaskerDesigner.m 22-Apr-2021", 
    "n_bands":3, 
    "bands":[
        {
            "amplitude":0.1, 
            "fc_low":200, 
            "fc_high":2150
        }, 
        {
            "amplitude":0.03162, 
            "fc_low":2150, 
            "fc_high":3050
        }, 
        {
            "amplitude":0.1, 
            "fc_low":3050, 
            "fc_high":12000
        }
    ], 
    "name":"1-notch2600_900_30dB", 
    "extra_atten_dB":0
}