{
    "type":"noise-bands", 
    "comment":"created with noiseBandMaskerDesigner.m 22-Apr-2021", 
    "n_bands":3, 
    "bands":[
        {
            "amplitude":0.1, 
            "fc_low":200, 
            "fc_high":4150
        }, 
        {
            "amplitude":1E-5, 
            "fc_low":4150, 
            "fc_high":4850
        }, 
        {
            "amplitude":0.1, 
            "fc_low":4850, 
            "fc_high":12000
        }
    ], 
    "name":"1-notch4500_bw700", 
    "extra_atten_dB":0
}