{
    "type":"noise-bands", 
    "comment":"created with noiseBandMaskerDesigner.m 22-Apr-2021", 
    "n_bands":3, 
    "bands":[
        {
            "amplitude":0.1, 
            "fc_low":200, 
            "fc_high":2250
        }, 
        {
            "amplitude":0.1413, 
            "fc_low":2250, 
            "fc_high":3750
        }, 
        {
            "amplitude":0.1, 
            "fc_low":3750, 
            "fc_high":12000
        }
    ], 
    "name":"12-notch300_bw1500_17dB", 
    "extra_atten_dB":0
}