{
    "type":"noise-bands", 
    "comment":"created with noiseBandMaskerDesigner.m 22-Apr-2021", 
    "n_bands":3, 
    "bands":[
        {
            "amplitude":0.1, 
            "fc_low":200, 
            "fc_high":4900
        }, 
        {
            "amplitude":1E-5, 
            "fc_low":4900, 
            "fc_high":5900
        }, 
        {
            "amplitude":0.1, 
            "fc_low":5900, 
            "fc_high":12000
        }
    ], 
    "name":"2-notch5400_bw1000", 
    "extra_atten_dB":0
}