{
    "type":"noise-bands", 
    "comment":"created with noiseBandMaskerDesigner.m 22-Apr-2021", 
    "n_bands":3, 
    "bands":[
        {
            "amplitude":0.1, 
            "fc_low":200, 
            "fc_high":6400
        }, 
        {
            "amplitude":1E-5, 
            "fc_low":6400, 
            "fc_high":7600
        }, 
        {
            "amplitude":0.1, 
            "fc_low":7600, 
            "fc_high":12000
        }
    ], 
    "name":"2-notch7000_bw1200", 
    "extra_atten_dB":0
}