{
    "type":"noise-bands", 
    "comment":"created with noiseBandMaskerDesigner.m 22-Apr-2021", 
    "n_bands":3, 
    "bands":[
        {
            "amplitude":0.1, 
            "fc_low":200, 
            "fc_high":6500
        }, 
        {
            "amplitude":0.03162, 
            "fc_low":6500, 
            "fc_high":8100
        }, 
        {
            "amplitude":0.1, 
            "fc_low":8100, 
            "fc_high":12000
        }
    ], 
    "name":"2-notch7300_1600_30dB", 
    "extra_atten_dB":0
}