{
    "type":"noise-bands", 
    "comment":"created with noiseBandMaskerDesigner.m 21-Jan-2021", 
    "n_bands":3, 
    "bands":[
        {
            "amplitude":0.1, 
            "fc_low":200, 
            "fc_high":1250
        }, 
        {
            "amplitude":0, 
            "fc_low":1250, 
            "fc_high":1750
        }, 
        {
            "amplitude":0.1, 
            "fc_low":1750, 
            "fc_high":12000
        }
    ], 
    "name":"2-notch1500_bw500", 
    "extra_atten_dB":0
}