{
    "type":"noise-bands", 
    "comment":"created with noiseBandMaskerDesigner.m 21-Jan-2021", 
    "n_bands":3, 
    "bands":[
        {
            "amplitude":0.1, 
            "fc_low":200, 
            "fc_high":1800
        }, 
        {
            "amplitude":0, 
            "fc_low":1800, 
            "fc_high":2600
        }, 
        {
            "amplitude":0.1, 
            "fc_low":2600, 
            "fc_high":12000
        }
    ], 
    "name":"2-notch2200_bw800", 
    "extra_atten_dB":0
}