{
    "type":"noise-bands", 
    "comment":"created with noiseBandMaskerDesigner.m 22-Apr-2021", 
    "n_bands":3, 
    "bands":[
        {
            "amplitude":0.1, 
            "fc_low":200, 
            "fc_high":4200
        }, 
        {
            "amplitude":0.05623, 
            "fc_low":4200, 
            "fc_high":5400
        }, 
        {
            "amplitude":0.1, 
            "fc_low":5400, 
            "fc_high":12000
        }
    ], 
    "name":"2-notch4800_1200_25dB", 
    "extra_atten_dB":0
}