{
    "type":"noise-bands", 
    "comment":"created with noiseBandMaskerDesigner.m 22-Apr-2021", 
    "n_bands":3, 
    "bands":[
        {
            "amplitude":0.1, 
            "fc_low":200, 
            "fc_high":3250
        }, 
        {
            "amplitude":0.05623, 
            "fc_low":3250, 
            "fc_high":4350
        }, 
        {
            "amplitude":0.1, 
            "fc_low":4350, 
            "fc_high":12000
        }
    ], 
    "name":"2-notch3800_1100_25dB", 
    "extra_atten_dB":0
}