{
    "type":"noise-bands", 
    "comment":"created with noiseBandMaskerDesigner.m 21-Jan-2021", 
    "n_bands":3, 
    "bands":[
        {
            "amplitude":0.1, 
            "fc_low":200, 
            "fc_high":2650
        }, 
        {
            "amplitude":0, 
            "fc_low":2650, 
            "fc_high":3350
        }, 
        {
            "amplitude":0.1, 
            "fc_low":3350, 
            "fc_high":12000
        }
    ], 
    "name":"2-notch3000_bw700", 
    "extra_atten_dB":0
}