{
    "type":"noise-bands", 
    "comment":"created with noiseBandMaskerDesigner.m 21-Jan-2021", 
    "n_bands":3, 
    "bands":[
        {
            "amplitude":0.1, 
            "fc_low":200, 
            "fc_high":3550
        }, 
        {
            "amplitude":1E-5, 
            "fc_low":3550, 
            "fc_high":4450
        }, 
        {
            "amplitude":0.1, 
            "fc_low":4450, 
            "fc_high":12000
        }
    ], 
    "name":"2-notch4000_bw900", 
    "extra_atten_dB":0
}