{
    "type":"noise-bands", 
    "comment":"created with noiseBandMaskerDesigner.m 21-Jan-2021", 
    "n_bands":3, 
    "bands":[
        {
            "amplitude":0.1, 
            "fc_low":200, 
            "fc_high":7150
        }, 
        {
            "amplitude":1E-5, 
            "fc_low":7150, 
            "fc_high":8450
        }, 
        {
            "amplitude":0.1, 
            "fc_low":8450, 
            "fc_high":12000
        }
    ], 
    "name":"2-notch7800_bw1300", 
    "extra_atten_dB":0
}