{
    "type":"noise-bands", 
    "comment":"created with noiseBandMaskerDesigner.m 21-Jan-2021", 
    "n_bands":3, 
    "bands":[
        {
            "amplitude":0.1, 
            "fc_low":200, 
            "fc_high":4500
        }, 
        {
            "amplitude":1E-5, 
            "fc_low":4500, 
            "fc_high":5700
        }, 
        {
            "amplitude":0.1, 
            "fc_low":5700, 
            "fc_high":12000
        }
    ], 
    "name":"3-notch5100_bw1200", 
    "extra_atten_dB":0
}