{
    "type":"noise-bands", 
    "comment":"created with noiseBandMaskerDesigner.m 21-Jan-2021", 
    "n_bands":3, 
    "bands":[
        {
            "amplitude":0.1, 
            "fc_low":200, 
            "fc_high":1850
        }, 
        {
            "amplitude":0, 
            "fc_low":1850, 
            "fc_high":2750
        }, 
        {
            "amplitude":0.1, 
            "fc_low":2750, 
            "fc_high":12000
        }
    ], 
    "name":"3-notch2300_bw900", 
    "extra_atten_dB":0
}