{
    "type":"noise-bands", 
    "comment":"created with noiseBandMaskerDesigner.m 22-Apr-2021", 
    "n_bands":3, 
    "bands":[
        {
            "amplitude":0.1, 
            "fc_low":200, 
            "fc_high":4600
        }, 
        {
            "amplitude":1E-5, 
            "fc_low":4600, 
            "fc_high":5400
        }, 
        {
            "amplitude":0.1, 
            "fc_low":5400, 
            "fc_high":12000
        }
    ], 
    "name":"3-notch5000_bw800", 
    "extra_atten_dB":0
}