{
    "type":"noise-bands", 
    "comment":"created with noiseBandMaskerDesigner.m 22-Apr-2021", 
    "n_bands":3, 
    "bands":[
        {
            "amplitude":0.1, 
            "fc_low":200, 
            "fc_high":2950
        }, 
        {
            "amplitude":0.05012, 
            "fc_low":2950, 
            "fc_high":3850
        }, 
        {
            "amplitude":0.1, 
            "fc_low":3850, 
            "fc_high":12000
        }
    ], 
    "name":"3-notch3400_900_26dB", 
    "extra_atten_dB":0
}