{
    "type":"noise-bands", 
    "comment":"created with noiseBandMaskerDesigner.m 22-Apr-2021", 
    "n_bands":3, 
    "bands":[
        {
            "amplitude":0.1, 
            "fc_low":200, 
            "fc_high":2250
        }, 
        {
            "amplitude":1E-5, 
            "fc_low":2250, 
            "fc_high":2950
        }, 
        {
            "amplitude":0.1, 
            "fc_low":2950, 
            "fc_high":12000
        }
    ], 
    "name":"3-notch2600_bw700", 
    "extra_atten_dB":0
}