{
    "type":"noise-bands", 
    "comment":"created with noiseBandMaskerDesigner.m 22-Apr-2021", 
    "n_bands":3, 
    "bands":[
        {
            "amplitude":0.1, 
            "fc_low":200, 
            "fc_high":1100
        }, 
        {
            "amplitude":0, 
            "fc_low":1100, 
            "fc_high":1500
        }, 
        {
            "amplitude":0.1, 
            "fc_low":1500, 
            "fc_high":12000
        }
    ], 
    "name":"3-notch1300_bw400", 
    "extra_atten_dB":0
}