{
    "type":"noise-bands", 
    "comment":"created with noiseBandMaskerDesigner.m 22-Apr-2021", 
    "n_bands":3, 
    "bands":[
        {
            "amplitude":0.1, 
            "fc_low":200, 
            "fc_high":4700
        }, 
        {
            "amplitude":0.05012, 
            "fc_low":4700, 
            "fc_high":5900
        }, 
        {
            "amplitude":0.1, 
            "fc_low":5900, 
            "fc_high":12000
        }
    ], 
    "name":"3-notch5300_1200_26dB", 
    "extra_atten_dB":0
}