{
    "type":"noise-bands", 
    "comment":"created with noiseBandMaskerDesigner.m 21-Jan-2021", 
    "n_bands":3, 
    "bands":[
        {
            "amplitude":0.1, 
            "fc_low":200, 
            "fc_high":5500
        }, 
        {
            "amplitude":1E-5, 
            "fc_low":5500, 
            "fc_high":6700
        }, 
        {
            "amplitude":0.1, 
            "fc_low":6700, 
            "fc_high":12000
        }
    ], 
    "name":"4-notch6100_bw1200", 
    "extra_atten_dB":0
}