{
    "type":"noise-bands", 
    "comment":"created with noiseBandMaskerDesigner.m 21-Jan-2021", 
    "n_bands":3, 
    "bands":[
        {
            "amplitude":0.1, 
            "fc_low":200, 
            "fc_high":7550
        }, 
        {
            "amplitude":1E-5, 
            "fc_low":7550, 
            "fc_high":8850
        }, 
        {
            "amplitude":0.1, 
            "fc_low":8850, 
            "fc_high":12000
        }
    ], 
    "name":"4-notch8200_bw1300", 
    "extra_atten_dB":0
}