{
    "type":"noise-bands", 
    "comment":"created with noiseBandMaskerDesigner.m 21-Jan-2021", 
    "n_bands":3, 
    "bands":[
        {
            "amplitude":0.1, 
            "fc_low":200, 
            "fc_high":3650
        }, 
        {
            "amplitude":1E-5, 
            "fc_low":3650, 
            "fc_high":4750
        }, 
        {
            "amplitude":0.1, 
            "fc_low":4750, 
            "fc_high":12000
        }
    ], 
    "name":"4-notch4200_bw1100", 
    "extra_atten_dB":0
}