{
    "type":"noise-bands", 
    "comment":"created with noiseBandMaskerDesigner.m 22-Apr-2021", 
    "n_bands":3, 
    "bands":[
        {
            "amplitude":0.1, 
            "fc_low":200, 
            "fc_high":2200
        }, 
        {
            "amplitude":1E-5, 
            "fc_low":2200, 
            "fc_high":2800
        }, 
        {
            "amplitude":0.1, 
            "fc_low":2800, 
            "fc_high":12000
        }
    ], 
    "name":"4-notch2500_bw600", 
    "extra_atten_dB":0
}