{
    "type":"noise-bands", 
    "comment":"created with noiseBandMaskerDesigner.m 21-Jan-2021", 
    "n_bands":3, 
    "bands":[
        {
            "amplitude":0.1, 
            "fc_low":200, 
            "fc_high":2700
        }, 
        {
            "amplitude":0, 
            "fc_low":2700, 
            "fc_high":3500
        }, 
        {
            "amplitude":0.1, 
            "fc_low":3500, 
            "fc_high":12000
        }
    ], 
    "name":"4-notch3100_bw800", 
    "extra_atten_dB":0
}