{
    "type":"noise-bands", 
    "comment":"created with noiseBandMaskerDesigner.m 22-Apr-2021", 
    "n_bands":3, 
    "bands":[
        {
            "amplitude":0.1, 
            "fc_low":200, 
            "fc_high":5800
        }, 
        {
            "amplitude":0.07079, 
            "fc_low":5800, 
            "fc_high":7200
        }, 
        {
            "amplitude":0.1, 
            "fc_low":7200, 
            "fc_high":12000
        }
    ], 
    "name":"4-notch6500_1400_23dB", 
    "extra_atten_dB":0
}