{
    "type":"noise-bands", 
    "comment":"created with noiseBandMaskerDesigner.m 22-Apr-2021", 
    "n_bands":3, 
    "bands":[
        {
            "amplitude":0.1, 
            "fc_low":200, 
            "fc_high":1550
        }, 
        {
            "amplitude":0, 
            "fc_low":1550, 
            "fc_high":2050
        }, 
        {
            "amplitude":0.1, 
            "fc_low":2050, 
            "fc_high":12000
        }
    ], 
    "name":"4-notch1800_bw500", 
    "extra_atten_dB":0
}