{
    "type":"noise-bands", 
    "comment":"created with noiseBandMaskerDesigner.m 21-Jan-2021", 
    "n_bands":3, 
    "bands":[
        {
            "amplitude":0.1, 
            "fc_low":200, 
            "fc_high":4100
        }, 
        {
            "amplitude":1E-5, 
            "fc_low":4100, 
            "fc_high":5500
        }, 
        {
            "amplitude":0.1, 
            "fc_low":5500, 
            "fc_high":12000
        }
    ], 
    "name":"4-notch4800_bw1400", 
    "extra_atten_dB":0
}