{
    "type":"noise-bands", 
    "comment":"created with noiseBandMaskerDesigner.m 22-Apr-2021", 
    "n_bands":3, 
    "bands":[
        {
            "amplitude":0.1, 
            "fc_low":200, 
            "fc_high":3750
        }, 
        {
            "amplitude":0.07079, 
            "fc_low":3750, 
            "fc_high":4850
        }, 
        {
            "amplitude":0.1, 
            "fc_low":4850, 
            "fc_high":12000
        }
    ], 
    "name":"4-notch4300_1100_23dB", 
    "extra_atten_dB":0
}