{
    "type":"noise-bands", 
    "comment":"created with noiseBandMaskerDesigner.m 21-Jan-2021", 
    "n_bands":3, 
    "bands":[
        {
            "amplitude":0.1, 
            "fc_low":200, 
            "fc_high":3800
        }, 
        {
            "amplitude":1E-5, 
            "fc_low":3800, 
            "fc_high":4600
        }, 
        {
            "amplitude":0.1, 
            "fc_low":4600, 
            "fc_high":12000
        }
    ], 
    "name":"5-notch4200_bw800", 
    "extra_atten_dB":0
}