{
    "type":"noise-bands", 
    "comment":"created with noiseBandMaskerDesigner.m 21-Jan-2021", 
    "n_bands":3, 
    "bands":[
        {
            "amplitude":0.1, 
            "fc_low":200, 
            "fc_high":1950
        }, 
        {
            "amplitude":0, 
            "fc_low":1950, 
            "fc_high":2850
        }, 
        {
            "amplitude":0.1, 
            "fc_low":2850, 
            "fc_high":12000
        }
    ], 
    "name":"5-notch2400_bw900", 
    "extra_atten_dB":0
}