{
    "type":"noise-bands", 
    "comment":"created with noiseBandMaskerDesigner.m 22-Apr-2021", 
    "n_bands":3, 
    "bands":[
        {
            "amplitude":0.1, 
            "fc_low":200, 
            "fc_high":7300
        }, 
        {
            "amplitude":0.07079, 
            "fc_low":7300, 
            "fc_high":9300
        }, 
        {
            "amplitude":0.1, 
            "fc_low":9300, 
            "fc_high":12000
        }
    ], 
    "name":"5-notch8300_2000_23dB", 
    "extra_atten_dB":0
}