{
    "type":"noise-bands", 
    "comment":"created with noiseBandMaskerDesigner.m 21-Jan-2021", 
    "n_bands":3, 
    "bands":[
        {
            "amplitude":0.1, 
            "fc_low":200, 
            "fc_high":1300
        }, 
        {
            "amplitude":0, 
            "fc_low":1300, 
            "fc_high":2100
        }, 
        {
            "amplitude":0.1, 
            "fc_low":2100, 
            "fc_high":12000
        }
    ], 
    "name":"5-notch1700_bw800", 
    "extra_atten_dB":0
}