{
    "type":"noise-bands", 
    "comment":"created with noiseBandMaskerDesigner.m 22-Apr-2021", 
    "n_bands":3, 
    "bands":[
        {
            "amplitude":0.1, 
            "fc_low":200, 
            "fc_high":6200
        }, 
        {
            "amplitude":0.05012, 
            "fc_low":6200, 
            "fc_high":7800
        }, 
        {
            "amplitude":0.1, 
            "fc_low":7800, 
            "fc_high":12000
        }
    ], 
    "name":"5-notch7000_1600_26dB", 
    "extra_atten_dB":0
}