{
    "type":"noise-bands", 
    "comment":"created with noiseBandMaskerDesigner.m 21-Jan-2021", 
    "n_bands":3, 
    "bands":[
        {
            "amplitude":0.1, 
            "fc_low":200, 
            "fc_high":7450
        }, 
        {
            "amplitude":1E-5, 
            "fc_low":7450, 
            "fc_high":8950
        }, 
        {
            "amplitude":0.1, 
            "fc_low":8950, 
            "fc_high":12000
        }
    ], 
    "name":"5-notch8200_bw1500", 
    "extra_atten_dB":0
}