{
    "type":"noise-bands", 
    "comment":"created with noiseBandMaskerDesigner.m 21-Jan-2021", 
    "n_bands":3, 
    "bands":[
        {
            "amplitude":0.1, 
            "fc_low":200, 
            "fc_high":4250
        }, 
        {
            "amplitude":1E-5, 
            "fc_low":4250, 
            "fc_high":5550
        }, 
        {
            "amplitude":0.1, 
            "fc_low":5550, 
            "fc_high":12000
        }
    ], 
    "name":"6-notch4900_bw1300", 
    "extra_atten_dB":0
}