{
    "type":"noise-bands", 
    "comment":"created with noiseBandMaskerDesigner.m 21-Jan-2021", 
    "n_bands":3, 
    "bands":[
        {
            "amplitude":0.1, 
            "fc_low":200, 
            "fc_high":7100
        }, 
        {
            "amplitude":1E-5, 
            "fc_low":7100, 
            "fc_high":8700
        }, 
        {
            "amplitude":0.1, 
            "fc_low":8700, 
            "fc_high":12000
        }
    ], 
    "name":"6-notch7900_bw1600", 
    "extra_atten_dB":0
}