{
    "type":"noise-bands", 
    "comment":"created with noiseBandMaskerDesigner.m 21-Jan-2021", 
    "n_bands":3, 
    "bands":[
        {
            "amplitude":0.1, 
            "fc_low":200, 
            "fc_high":2550
        }, 
        {
            "amplitude":1E-5, 
            "fc_low":2550, 
            "fc_high":3450
        }, 
        {
            "amplitude":0.1, 
            "fc_low":3450, 
            "fc_high":12000
        }
    ], 
    "name":"6-notch3000_bw900", 
    "extra_atten_dB":0
}