{
    "type":"noise-bands", 
    "comment":"created with noiseBandMaskerDesigner.m 21-Jan-2021", 
    "n_bands":3, 
    "bands":[
        {
            "amplitude":0.1, 
            "fc_low":200, 
            "fc_high":3200
        }, 
        {
            "amplitude":1E-5, 
            "fc_low":3200, 
            "fc_high":4400
        }, 
        {
            "amplitude":0.1, 
            "fc_low":4400, 
            "fc_high":12000
        }
    ], 
    "name":"6-notch3800_bw1200", 
    "extra_atten_dB":0
}