{
    "type":"noise-bands", 
    "comment":"created with noiseBandMaskerDesigner.m 21-Jan-2021", 
    "n_bands":3, 
    "bands":[
        {
            "amplitude":0.1, 
            "fc_low":200, 
            "fc_high":2600
        }, 
        {
            "amplitude":1E-5, 
            "fc_low":2600, 
            "fc_high":3600
        }, 
        {
            "amplitude":0.1, 
            "fc_low":3600, 
            "fc_high":12000
        }
    ], 
    "name":"7-notch3100_bw1000", 
    "extra_atten_dB":0
}