{
    "type":"noise-bands", 
    "comment":"created with noiseBandMaskerDesigner.m 03-Jan-2021", 
    "n_bands":3, 
    "bands":[
        {
            "amplitude":0.1, 
            "fc_low":200, 
            "fc_high":1450
        }, 
        {
            "amplitude":0.03548, 
            "fc_low":1450, 
            "fc_high":2950
        }, 
        {
            "amplitude":0.1, 
            "fc_low":2950, 
            "fc_high":12000
        }
    ], 
    "name":"8-notch2200_bw1500_29dB", 
    "extra_atten_dB":0
}