{
    "type":"noise-bands", 
    "comment":"created with noiseBandMaskerDesigner.m 21-Jan-2021", 
    "n_bands":3, 
    "bands":[
        {
            "amplitude":0.1, 
            "fc_low":200, 
            "fc_high":5750
        }, 
        {
            "amplitude":1E-5, 
            "fc_low":5750, 
            "fc_high":6850
        }, 
        {
            "amplitude":0.1, 
            "fc_low":6850, 
            "fc_high":12000
        }
    ], 
    "name":"9-notch6300_bw1100", 
    "extra_atten_dB":0
}