{
    "type":"noise-bands", 
    "comment":"created with noiseBandMaskerDesigner03-Jan-2021", 
    "n_bands":3, 
    "bands":[
        {
            "amplitude":0.1, 
            "fc_low":200, 
            "fc_high":1000
        }, 
        {
            "amplitude":0.03162, 
            "fc_low":1000, 
            "fc_high":2000
        }, 
        {
            "amplitude":0.1, 
            "fc_low":2000, 
            "fc_high":12000
        }
    ], 
    "name":"5-firstscan_notch1500_bw1000_30dB"
}