{
    "type":"noise-bands", 
    "comment":"created with noiseBandMaskerDesigner.m 03-Jan-2021", 
    "n_bands":3, 
    "bands":[
        {
            "amplitude":0.1, 
            "fc_low":200, 
            "fc_high":2250
        }, 
        {
            "amplitude":0.05012, 
            "fc_low":2250, 
            "fc_high":3750
        }, 
        {
            "amplitude":0.1, 
            "fc_low":3750, 
            "fc_high":12000
        }
    ], 
    "name":"10-notch3000_bw1500_26dB"
}