{
    "type":"noise-bands", 
    "comment":"created with noiseBandMaskerDesigner.m 21-Jan-2021", 
    "n_bands":3, 
    "bands":[
        {
            "amplitude":0.1, 
            "fc_low":200, 
            "fc_high":6850
        }, 
        {
            "amplitude":0.05012, 
            "fc_low":6850, 
            "fc_high":9150
        }, 
        {
            "amplitude":0.1, 
            "fc_low":9150, 
            "fc_high":12000
        }
    ], 
    "name":"8-notch8000_bw2300_26dB"
}
